{
  "realized_flip_rate": {
    "n": 5.0,
    "mean": 0.04795105293113261,
    "std": 0.0029021169684648736,
    "min": 0.04410927717700626,
    "max": 0.05122367672168469
  },
  "best_val_accuracy": {
    "n": 5.0,
    "mean": 0.8364846870838882,
    "std": 0.005621792765002542,
    "min": 0.8268974700399467,
    "max": 0.8408788282290279
  },
  "best_val_macro_f1": {
    "n": 5.0,
    "mean": 0.7171271484434371,
    "std": 0.00802005529781597,
    "min": 0.7083639562016415,
    "max": 0.730034765062379
  },
  "best_val_ece": {
    "n": 5.0,
    "mean": 0.0425316402919283,
    "std": 0.006276474161435645,
    "min": 0.03352579383177066,
    "max": 0.04806583223941323
  },
  "best_val_macro_auroc": {
    "n": 5.0,
    "mean": 0.9493902684109269,
    "std": 0.010894691971744174,
    "min": 0.934781148961158,
    "max": 0.9621108502869384
  },
  "best_val_aurc": {
    "n": 5.0,
    "mean": 0.06119002139412444,
    "std": 0.00949153313133365,
    "min": 0.05102356767417962,
    "max": 0.0707294602507207
  },
  "test_uncal_accuracy": {
    "n": 5.0,
    "mean": 0.831919191919192,
    "std": 0.00514171290742655,
    "min": 0.8249158249158249,
    "max": 0.8377104377104377
  },
  "test_uncal_macro_f1": {
    "n": 5.0,
    "mean": 0.7105396069372899,
    "std": 0.023921740089547873,
    "min": 0.6748960354020592,
    "max": 0.7396194028974235
  },
  "test_uncal_ece": {
    "n": 5.0,
    "mean": 0.04196515585035589,
    "std": 0.009253069786623538,
    "min": 0.03208850276991978,
    "max": 0.054779238391805596
  },
  "test_uncal_macro_auroc": {
    "n": 5.0,
    "mean": 0.9520828292509043,
    "std": 0.01261642833342888,
    "min": 0.9367089639097704,
    "max": 0.9641711075843942
  },
  "test_uncal_aurc": {
    "n": 5.0,
    "mean": 0.058716183696336154,
    "std": 0.01429259397175827,
    "min": 0.043971360387147634,
    "max": 0.08056367862149919
  },
  "test_cal_accuracy": {
    "n": 5.0,
    "mean": 0.831919191919192,
    "std": 0.00514171290742655,
    "min": 0.8249158249158249,
    "max": 0.8377104377104377
  },
  "test_cal_macro_f1": {
    "n": 5.0,
    "mean": 0.7105396069372899,
    "std": 0.023921740089547873,
    "min": 0.6748960354020592,
    "max": 0.7396194028974235
  },
  "test_cal_ece": {
    "n": 5.0,
    "mean": 0.03560417909814854,
    "std": 0.007061530282374895,
    "min": 0.030263344125715578,
    "max": 0.04767026822976392
  },
  "test_cal_macro_auroc": {
    "n": 5.0,
    "mean": 0.9520546057706575,
    "std": 0.012823043914402216,
    "min": 0.9365365900241657,
    "max": 0.9642438072995597
  },
  "test_cal_aurc": {
    "n": 5.0,
    "mean": 0.05878344845531623,
    "std": 0.014468152517036249,
    "min": 0.043838161627640496,
    "max": 0.08023106919204076
  },
  "test_cal_coverage_at_0_5": {
    "n": 5.0,
    "mean": 0.9376430976430976,
    "std": 0.010028923469969808,
    "min": 0.9245791245791246,
    "max": 0.9515151515151515
  },
  "test_cal_risk_at_0_5": {
    "n": 5.0,
    "mean": 0.1401815648152139,
    "std": 0.010715151990153323,
    "min": 0.1270638908829863,
    "max": 0.15145081387119608
  }
}