{
  "best_val_accuracy": {
    "n": 5.0,
    "mean": 0.8364846870838882,
    "std": 0.005621792765002542,
    "min": 0.8268974700399467,
    "max": 0.8408788282290279
  },
  "best_val_macro_f1": {
    "n": 5.0,
    "mean": 0.7171271484434371,
    "std": 0.00802005529781597,
    "min": 0.7083639562016415,
    "max": 0.730034765062379
  },
  "best_val_ece": {
    "n": 5.0,
    "mean": 0.0425316402919283,
    "std": 0.006276474161435645,
    "min": 0.03352579383177066,
    "max": 0.04806583223941323
  },
  "best_val_macro_auroc": {
    "n": 5.0,
    "mean": 0.9493902684109269,
    "std": 0.010894691971744174,
    "min": 0.934781148961158,
    "max": 0.9621108502869384
  },
  "best_val_aurc": {
    "n": 5.0,
    "mean": 0.06119002139412444,
    "std": 0.00949153313133365,
    "min": 0.05102356767417962,
    "max": 0.0707294602507207
  },
  "test_uncal_accuracy": {
    "n": 5.0,
    "mean": 0.5591019221450493,
    "std": 0.020345585092255977,
    "min": 0.5382006137942175,
    "max": 0.5902115974802132
  },
  "test_uncal_macro_f1": {
    "n": 5.0,
    "mean": 0.43107988707304373,
    "std": 0.032815004041112546,
    "min": 0.39717733807525263,
    "max": 0.4760383096082402
  },
  "test_uncal_ece": {
    "n": 5.0,
    "mean": 0.2072024022670232,
    "std": 0.04990378009875016,
    "min": 0.14414461710652904,
    "max": 0.27486711837732813
  },
  "test_uncal_macro_auroc": {
    "n": 5.0,
    "mean": 0.8115140372977123,
    "std": 0.033817427937940576,
    "min": 0.760341171982344,
    "max": 0.8522156972070761
  },
  "test_uncal_aurc": {
    "n": 5.0,
    "mean": 0.28976442717427664,
    "std": 0.06618505555479288,
    "min": 0.23985723936983772,
    "max": 0.40208594305065165
  },
  "test_cal_accuracy": {
    "n": 5.0,
    "mean": 0.5591019221450493,
    "std": 0.020345585092255977,
    "min": 0.5382006137942175,
    "max": 0.5902115974802132
  },
  "test_cal_macro_f1": {
    "n": 5.0,
    "mean": 0.43107988707304373,
    "std": 0.032815004041112546,
    "min": 0.39717733807525263,
    "max": 0.4760383096082402
  },
  "test_cal_ece": {
    "n": 5.0,
    "mean": 0.2149373330749924,
    "std": 0.039523458458164636,
    "min": 0.18409671456204194,
    "max": 0.2832351021602223
  },
  "test_cal_macro_auroc": {
    "n": 5.0,
    "mean": 0.8113581941052324,
    "std": 0.033725751999810004,
    "min": 0.7604549822903915,
    "max": 0.8522086249278874
  },
  "test_cal_aurc": {
    "n": 5.0,
    "mean": 0.29046399773888915,
    "std": 0.06693895846618765,
    "min": 0.24069962251612087,
    "max": 0.4042250716840066
  },
  "test_cal_coverage_at_0_5": {
    "n": 5.0,
    "mean": 0.8654498465514457,
    "std": 0.038311181928602014,
    "min": 0.816023259570344,
    "max": 0.9155225327087708
  },
  "test_cal_risk_at_0_5": {
    "n": 5.0,
    "mean": 0.3963967323558994,
    "std": 0.026881008489814784,
    "min": 0.36584912671869196,
    "max": 0.439484827099506
  }
}