{
  "realized_flip_rate": {
    "n": 3.0,
    "mean": 0.0,
    "std": 0.0,
    "min": 0.0,
    "max": 0.0
  },
  "best_val_accuracy": {
    "n": 3.0,
    "mean": 0.8530847758544163,
    "std": 0.0039011087064462994,
    "min": 0.8501997336884154,
    "max": 0.8575233022636485
  },
  "best_val_macro_f1": {
    "n": 3.0,
    "mean": 0.7412249191733743,
    "std": 0.009326283289960146,
    "min": 0.7304558867134227,
    "max": 0.7466321270751598
  },
  "best_val_ece": {
    "n": 3.0,
    "mean": 0.04834160397198801,
    "std": 0.008825976075105574,
    "min": 0.038673834718972185,
    "max": 0.05596807376839985
  },
  "best_val_macro_auroc": {
    "n": 3.0,
    "mean": 0.9602426572199945,
    "std": 0.005473649957696954,
    "min": 0.9539283389583664,
    "max": 0.9636404042298645
  },
  "best_val_aurc": {
    "n": 3.0,
    "mean": 0.04067936612384188,
    "std": 0.002179175817481299,
    "min": 0.03850170923004474,
    "max": 0.0428600576954812
  },
  "test_uncal_accuracy": {
    "n": 3.0,
    "mean": 0.8520763187429855,
    "std": 0.005484530515317916,
    "min": 0.8457912457912458,
    "max": 0.8558922558922559
  },
  "test_uncal_macro_f1": {
    "n": 3.0,
    "mean": 0.7329588658425975,
    "std": 0.02878655148117221,
    "min": 0.7020757422766931,
    "max": 0.7590465562781628
  },
  "test_uncal_ece": {
    "n": 3.0,
    "mean": 0.03882680283117238,
    "std": 0.010551456535479441,
    "min": 0.02736170484562112,
    "max": 0.048129629286049955
  },
  "test_uncal_macro_auroc": {
    "n": 3.0,
    "mean": 0.9583602800930823,
    "std": 0.007462088399580938,
    "min": 0.9499891347116064,
    "max": 0.9643138197051193
  },
  "test_uncal_aurc": {
    "n": 3.0,
    "mean": 0.04880073104712454,
    "std": 0.0075660834160026546,
    "min": 0.04163487625955239,
    "max": 0.0567118811859276
  },
  "test_cal_accuracy": {
    "n": 3.0,
    "mean": 0.8520763187429855,
    "std": 0.005484530515317916,
    "min": 0.8457912457912458,
    "max": 0.8558922558922559
  },
  "test_cal_macro_f1": {
    "n": 3.0,
    "mean": 0.7329588658425975,
    "std": 0.02878655148117221,
    "min": 0.7020757422766931,
    "max": 0.7590465562781628
  },
  "test_cal_ece": {
    "n": 3.0,
    "mean": 0.03888051194106421,
    "std": 0.01761753811227984,
    "min": 0.02083588676019148,
    "max": 0.056037397396684896
  },
  "test_cal_macro_auroc": {
    "n": 3.0,
    "mean": 0.9583378519310167,
    "std": 0.007624133993312302,
    "min": 0.9497904714401445,
    "max": 0.9644375033496908
  },
  "test_cal_aurc": {
    "n": 3.0,
    "mean": 0.05018281768565797,
    "std": 0.009456874805057715,
    "min": 0.041257302991302064,
    "max": 0.060093865742697414
  },
  "test_cal_coverage_at_0_5": {
    "n": 3.0,
    "mean": 0.9618406285072951,
    "std": 0.010739280551205987,
    "min": 0.9494949494949495,
    "max": 0.969023569023569
  },
  "test_cal_risk_at_0_5": {
    "n": 3.0,
    "mean": 0.13062255457652008,
    "std": 0.0089227001672477,
    "min": 0.12056737588652477,
    "max": 0.13759555246699096
  }
}