{
  "realized_flip_rate": {
    "n": 5.0,
    "mean": 0.048349459305634605,
    "std": 0.002980245661192068,
    "min": 0.0443938531587934,
    "max": 0.05179282868525897
  },
  "best_val_accuracy": {
    "n": 5.0,
    "mean": 0.8338215712383489,
    "std": 0.007055372458982116,
    "min": 0.8268974700399467,
    "max": 0.844207723035952
  },
  "best_val_macro_f1": {
    "n": 5.0,
    "mean": 0.7195022921595995,
    "std": 0.011458224178748262,
    "min": 0.7070827475271081,
    "max": 0.7346558190770623
  },
  "best_val_ece": {
    "n": 5.0,
    "mean": 0.04037373982637764,
    "std": 0.006365611800021576,
    "min": 0.031594946603482964,
    "max": 0.04940287475182752
  },
  "best_val_macro_auroc": {
    "n": 5.0,
    "mean": 0.9469780576006889,
    "std": 0.011712599651062347,
    "min": 0.9326094097986711,
    "max": 0.9604116126939226
  },
  "best_val_aurc": {
    "n": 5.0,
    "mean": 0.061239298941044074,
    "std": 0.009952017855856483,
    "min": 0.04447537492349036,
    "max": 0.07026735884415536
  },
  "test_uncal_accuracy": {
    "n": 5.0,
    "mean": 0.8320538720538719,
    "std": 0.007136141032586654,
    "min": 0.8222222222222222,
    "max": 0.8410774410774411
  },
  "test_uncal_macro_f1": {
    "n": 5.0,
    "mean": 0.7144776488730988,
    "std": 0.013034496951668379,
    "min": 0.6999050423884652,
    "max": 0.7356673461592474
  },
  "test_uncal_ece": {
    "n": 5.0,
    "mean": 0.04278118500003108,
    "std": 0.00768988798491341,
    "min": 0.03390521631899104,
    "max": 0.05213540220501444
  },
  "test_uncal_macro_auroc": {
    "n": 5.0,
    "mean": 0.9464331616091846,
    "std": 0.01260664045008852,
    "min": 0.9339516708172945,
    "max": 0.9601126656428118
  },
  "test_uncal_aurc": {
    "n": 5.0,
    "mean": 0.06229652713935312,
    "std": 0.009309230631228143,
    "min": 0.04630379476964221,
    "max": 0.07057249254530781
  },
  "test_cal_accuracy": {
    "n": 5.0,
    "mean": 0.8320538720538719,
    "std": 0.007136141032586654,
    "min": 0.8222222222222222,
    "max": 0.8410774410774411
  },
  "test_cal_macro_f1": {
    "n": 5.0,
    "mean": 0.7144776488730988,
    "std": 0.013034496951668379,
    "min": 0.6999050423884652,
    "max": 0.7356673461592474
  },
  "test_cal_ece": {
    "n": 5.0,
    "mean": 0.03556982514432785,
    "std": 0.007540060099554845,
    "min": 0.027125762548510877,
    "max": 0.04611862769431939
  },
  "test_cal_macro_auroc": {
    "n": 5.0,
    "mean": 0.946046208716063,
    "std": 0.012808415864743097,
    "min": 0.9328645842525651,
    "max": 0.9597343624092577
  },
  "test_cal_aurc": {
    "n": 5.0,
    "mean": 0.0621726085761181,
    "std": 0.009265436992860213,
    "min": 0.04616608726201576,
    "max": 0.07001272432554939
  },
  "test_cal_coverage_at_0_5": {
    "n": 5.0,
    "mean": 0.9480134680134681,
    "std": 0.00655312626300491,
    "min": 0.9387205387205387,
    "max": 0.9569023569023569
  },
  "test_cal_risk_at_0_5": {
    "n": 5.0,
    "mean": 0.14487325180967148,
    "std": 0.007752456508079393,
    "min": 0.13127690100430411,
    "max": 0.1501779359430605
  }
}